6,0,0,0,0,993
6,1,0,0,0,993
6,1,0,0,0,993
6,2,0,0,0,993
6,2,0,0,0,993
6,3,0,0,0,993
6,4,0,0,0,993
6,5,0,0,0,993
6,6,0,0,0,993
6,8,0,0,0,993
6,9,0,0,0,993
6,11,0,0,0,993
6,12,0,0,0,993
6,13,0,0,0,993
6,15,0,0,0,993
6,17,0,0,0,993
6,18,0,0,0,993
6,20,0,0,0,993
6,21,0,1,0,993
6,23,0,1,0,993
6,24,0,1,0,993
6,25,0,1,0,993
6,27,0,1,0,993
6,28,0,1,0,993
6,30,0,2,2,993
6,31,0,2,2,993
6,33,0,2,2,993
6,34,0,2,2,993
6,35,0,3,2,993
6,37,0,3,2,993
6,38,0,3,2,993
6,40,0,3,3,993
6,41,0,4,3,993
6,42,0,4,3,993
6,44,0,4,3,993
6,45,0,5,3,993
6,47,0,5,3,993
6,48,0,5,3,993
6,49,0,6,3,993
6,51,0,6,6,993
6,52,0,6,6,993
6,54,0,7,6,993
6,55,0,7,6,993
6,57,0,8,6,993
6,58,0,8,6,993
6,60,0,8,6,993
6,62,0,9,9,993
6,63,1,9,9,993
6,65,1,10,9,993
6,66,1,10,9,993
6,68,1,11,9,993
6,69,1,11,9,993
6,71,1,12,9,993
6,72,1,12,10,993
6,74,2,13,10,993
6,75,2,14,10,993
6,77,2,14,10,993
6,78,3,15,10,993
6,80,3,15,10,993
6,82,3,16,10,993
6,83,4,17,9,993
6,85,4,17,9,993
6,86,5,18,9,993
6,88,5,19,9,993
6,89,6,19,9,993
6,91,6,20,9,993
6,92,7,21,9,993
6,94,8,21,8,993
6,95,8,22,8,993
6,97,9,23,8,993
6,98,9,24,8,993
6,100,10,24,8,993
6,102,11,25,8,993
6,104,12,26,9,993
6,106,12,27,9,993
6,107,13,28,9,993
6,109,13,29,9,993
6,111,14,30,9,993
6,112,15,31,9,993
6,114,16,32,11,993
6,116,17,33,11,993
6,117,18,34,11,993
6,119,19,35,11,993
6,121,20,36,11,993
6,123,21,37,11,993
6,125,21,38,11,993
6,126,22,39,11,993
6,128,24,40,11,993
6,130,25,41,11,993
6,131,26,43,11,993
6,133,27,44,11,993
6,135,28,45,9,993
6,136,29,46,9,993
6,138,30,47,9,993
6,140,32,49,9,993
6,141,33,50,9,993
6,143,34,51,9,993
6,146,35,52,10,993
6,147,36,53,10,993
6,149,38,55,10,993
6,151,39,56,10,993
6,153,40,57,10,993
6,154,42,59,10,993
6,156,43,60,7,993
6,158,44,62,7,993
6,159,46,63,7,993
6,161,47,64,7,993
6,163,48,66,7,993
6,164,50,67,7,993
6,166,51,68,8,993
6,168,52,70,8,993
6,169,54,71,8,993
6,171,55,73,8,993
6,173,56,74,8,993
6,174,57,76,8,993
6,176,59,77,9,993
6,178,60,79,9,993
6,179,61,80,9,993
6,181,63,82,9,993
6,183,64,83,9,993
6,184,65,85,9,993
6,186,67,86,11,993
6,189,68,88,11,993
6,191,70,90,11,993
6,192,71,91,11,993
6,194,73,93,11,993
6,196,74,95,16,993
6,197,76,97,16,993
6,199,77,98,16,993
6,201,79,100,16,993
6,203,81,102,16,993
6,205,82,104,16,993
6,207,84,106,12,993
6,208,86,108,12,993
6,210,88,110,12,993
6,212,90,112,12,993
6,214,92,114,12,993
6,216,94,116,13,993
6,217,96,118,13,993
6,219,98,120,13,993
6,221,100,122,13,993
6,223,102,124,13,993
6,225,105,126,13,993
6,227,107,128,9,993
6,230,109,131,9,993
6,231,111,133,9,993
6,233,113,135,9,993
6,235,116,137,9,993
6,237,118,139,12,993
6,239,120,142,12,993
6,241,123,144,12,993
6,243,125,146,12,993
6,245,127,149,12,993
6,246,130,151,12,993
6,249,132,154,10,993
6,250,134,156,10,993
6,252,137,158,10,993
6,254,139,161,10,993
6,256,141,163,10,993
6,258,144,166,12,993
6,260,146,168,12,993
6,262,149,171,12,993
6,264,151,174,12,993
6,266,153,176,12,993
6,267,156,179,12,993
6,270,158,181,13,993
6,271,161,184,13,993
6,274,163,187,13,993
6,276,166,189,13,993
6,278,169,192,13,993
6,280,171,195,17,993
6,282,174,198,17,993
6,284,177,200,17,993
6,286,179,203,17,993
6,288,182,206,17,993
6,289,185,209,17,993
6,292,188,212,11,993
6,293,191,214,11,993
6,295,193,217,11,993
6,297,197,220,11,993
6,299,199,223,11,993
6,301,202,226,14,993
6,303,205,229,14,993
6,305,208,232,14,993
6,307,211,235,14,993
6,309,213,238,14,993
6,310,217,241,14,993
6,313,219,244,14,993
6,314,222,247,14,993
6,317,225,250,14,993
6,319,229,253,14,993
6,321,232,256,14,993
6,323,235,260,17,993
6,325,238,263,17,993
6,327,241,266,17,993
6,329,244,269,17,993
6,331,248,272,17,993
6,332,251,276,17,993
6,335,254,279,12,993
6,336,257,282,12,993
6,338,261,285,12,993
6,340,264,289,12,993
6,342,267,292,12,993
6,344,270,295,16,993
6,346,274,299,16,993
6,348,277,302,16,993
6,350,280,306,16,993
6,352,284,309,16,993
6,353,287,312,16,993
6,356,290,316,14,993
6,358,294,319,14,993
6,360,297,323,14,993
6,362,301,326,14,993
6,364,304,330,14,993
6,366,308,334,18,993
6,368,311,337,18,993
6,370,315,341,18,993
6,372,318,344,18,993
6,374,322,348,18,993
6,375,325,352,18,993
6,378,329,355,14,993
6,379,333,359,14,993
6,381,336,363,14,993
6,383,340,366,14,993
6,385,343,370,14,993
6,387,347,374,18,993
6,389,351,378,18,993
6,391,354,382,18,993
6,393,358,385,18,993
6,395,362,389,18,993
6,397,366,393,18,993
6,399,369,397,17,993
6,401,373,401,17,993
6,403,377,405,17,993
6,405,381,409,17,993
6,407,385,413,17,993
6,409,389,417,21,993
6,411,393,421,21,989
6,413,397,425,21,989
6,415,401,429,21,989
6,417,405,433,21,989
6,418,409,437,21,989
6,421,413,441,15,989
6,422,417,445,15,989
6,424,421,449,15,989
6,426,425,453,15,989
6,428,429,458,15,989
6,430,434,462,18,989
6,432,438,466,18,989
6,434,442,470,18,989
6,436,446,475,18,989
6,438,451,479,18,989
6,439,455,483,18,989
6,442,459,487,16,989
6,444,463,492,16,989
6,446,468,496,16,989
6,448,472,500,16,989
6,450,476,505,16,989
6,452,481,509,23,989
6,454,485,514,23,989
6,456,489,518,23,989
6,458,493,523,23,989
6,460,498,527,23,989
6,462,503,532,23,989
6,464,507,536,18,989
6,465,512,541,18,989
6,467,516,545,18,989
6,469,521,550,18,989
6,471,525,554,18,989
6,473,530,559,20,989
6,475,534,564,20,989
6,477,539,568,20,989
6,479,544,573,20,989
6,481,548,578,20,989
6,482,553,582,20,989
6,486,557,587,19,989
6,487,562,592,19,989
6,489,567,597,19,989
6,491,572,601,19,989
6,493,577,606,19,989
6,495,581,611,26,989
6,497,586,616,26,989
6,499,591,621,26,989
6,501,596,626,26,989
6,503,601,630,26,989
6,505,606,635,26,989
6,507,611,640,15,989
6,508,616,645,15,989
6,510,621,650,15,989
6,512,626,655,15,989
6,514,631,660,15,989
6,516,636,665,21,989
6,518,641,670,21,989
6,520,646,675,21,989
6,522,651,681,21,989
6,524,656,686,21,989
6,526,661,691,21,989
6,529,666,696,19,989
6,530,672,701,19,989
6,532,677,706,19,989
6,534,682,712,19,989
6,536,687,717,19,989
6,538,692,722,27,989
6,540,697,727,27,989
6,542,703,733,27,989
6,544,708,738,27,989
6,546,713,743,27,989
6,548,718,748,27,989
6,550,724,754,18,989
6,551,729,759,18,989
6,553,735,765,18,989
6,555,740,770,18,989
6,557,745,775,18,989
6,559,751,781,23,989
6,561,757,786,23,989
6,563,762,792,23,989
6,565,768,797,23,989
6,567,773,803,23,989
6,568,779,809,23,989
6,572,784,814,19,989
6,573,790,820,19,989
6,575,795,825,19,989
6,577,801,831,19,989
6,579,806,837,19,989
6,581,812,842,29,989
6,583,818,848,29,989
6,585,824,854,29,989
6,587,829,859,29,989
6,589,835,865,29,989
6,590,841,871,29,989
6,593,846,877,20,989
6,594,852,882,20,989
6,596,858,888,20,989
6,598,864,894,20,989
6,600,869,900,20,989
6,602,875,906,25,989
6,604,881,912,25,989
6,606,888,918,25,989
6,608,893,924,25,989
6,610,900,930,25,989
6,612,905,935,25,989
6,615,911,941,24,989
6,616,917,947,24,989
6,618,923,953,24,989
6,620,929,960,24,989
6,622,935,966,24,989
6,624,941,972,26,989
6,626,948,978,26,989
6,628,954,984,26,989
6,630,960,990,26,989
6,632,966,996,26,989
6,634,972,1002,26,989
6,636,979,1009,17,989
6,637,985,1015,17,989
6,639,991,1022,17,989
6,641,998,1028,17,989
6,643,1004,1035,17,989
6,646,1011,1042,31,989
6,648,1018,1049,31,989
6,650,1025,1056,31,989
6,652,1032,1063,31,989
6,654,1038,1069,31,989
6,657,1045,1076,28,989
6,659,1052,1083,28,989
6,661,1059,1090,28,989
6,663,1065,1097,28,989
6,665,1073,1104,28,989
6,668,1080,1112,22,989
6,669,1087,1119,22,989
6,671,1094,1126,22,989
6,674,1101,1133,22,989
6,676,1108,1140,22,989
6,678,1115,1147,30,989
6,680,1122,1154,30,989
6,682,1129,1162,30,989
6,684,1136,1169,30,989
6,686,1144,1176,30,989
6,688,1151,1184,24,989
6,690,1158,1191,24,989
6,692,1165,1198,24,989
6,694,1172,1206,24,989
6,696,1180,1213,24,989
6,700,1187,1220,26,989
6,701,1194,1228,26,989
6,704,1201,1235,26,989
6,706,1209,1243,26,989
6,708,1216,1250,42,989
6,710,1224,1258,42,989
6,712,1231,1265,42,989
6,714,1238,1273,42,989
6,716,1246,1281,42,989
6,718,1253,1288,28,989
6,720,1261,1296,28,989
6,722,1269,1303,28,989
6,724,1277,1311,28,989
6,726,1285,1319,28,989
6,729,1293,1327,23,989
6,731,1300,1334,23,989
6,733,1308,1342,23,989
6,735,1316,1350,23,989
6,737,1323,1358,23,989
6,739,1331,1366,36,989
6,742,1339,1373,36,989
6,744,1347,1381,36,989
6,746,1355,1389,36,989
6,748,1362,1397,36,989
6,751,1370,1405,36,989
6,752,1378,1413,36,989
6,754,1386,1421,36,989
6,756,1394,1429,36,989
6,759,1402,1437,36,989
6,761,1411,1445,33,989
6,763,1419,1453,33,989
6,765,1427,1461,33,989
6,767,1435,1470,33,989
6,769,1443,1478,33,989
6,771,1451,1486,30,989
6,773,1460,1494,30,989
6,775,1468,1502,30,989
6,777,1477,1511,30,989
6,779,1485,1519,30,989
6,782,1493,1527,26,989
6,783,1501,1535,26,989
6,787,1509,1544,26,989
6,789,1518,1552,26,989
6,791,1526,1561,46,989
6,793,1535,1569,46,989
6,795,1543,1577,46,989
6,797,1551,1586,46,989
6,799,1560,1594,46,989
6,801,1568,1603,30,989
6,803,1577,1611,30,989
6,805,1585,1620,30,989
6,807,1594,1628,30,989
6,809,1603,1637,30,989
6,812,1611,1646,29,989
6,813,1620,1654,29,989
6,816,1628,1663,29,989
6,818,1637,1672,29,989
6,820,1645,1680,29,989
6,822,1654,1689,39,989
6,824,1663,1698,39,989
6,826,1672,1707,39,989
6,829,1681,1715,39,989
6,831,1689,1724,39,989
6,833,1698,1733,38,989
6,835,1706,1742,38,989
6,837,1715,1751,38,989
6,839,1725,1760,38,989
6,841,1733,1769,38,989
6,844,1742,1777,32,989
6,846,1751,1786,32,989
6,848,1760,1795,32,989
6,850,1769,1804,32,989
6,852,1778,1814,32,989
6,854,1787,1823,40,989
6,856,1796,1832,40,989
6,858,1805,1841,40,989
6,860,1813,1850,40,989
6,862,1823,1859,40,989
6,865,1832,1868,34,989
6,866,1841,1877,34,989
6,868,1850,1887,34,989
6,872,1860,1896,34,989
6,874,1869,1905,51,989
6,876,1877,1914,51,989
6,878,1887,1924,51,989
6,880,1896,1933,51,989
6,882,1905,1942,51,989
6,884,1915,1952,36,989
6,886,1925,1961,36,989
6,888,1934,1971,36,989
6,890,1943,1980,36,989
6,892,1953,1990,36,989
6,895,1962,1999,35,989
6,896,1972,2009,35,989
6,898,1981,2018,35,989
6,901,1991,2028,35,989
6,903,2000,2037,35,989
6,905,2009,2047,46,989
6,907,2019,2056,46,989
6,909,2028,2066,46,989
6,911,2038,2076,46,989
6,914,2048,2085,46,976
6,916,2057,2095,46,976
6,918,2067,2105,46,976
6,920,2077,2115,46,976
6,922,2086,2124,46,976
6,924,2096,2134,46,976
6,927,2106,2144,37,976
6,929,2116,2154,37,976
6,931,2126,2164,37,976
6,933,2136,2174,37,976
6,935,2145,2184,37,976
6,937,2155,2194,49,976
6,939,2165,2204,49,976
6,941,2175,2214,49,976
6,943,2185,2224,49,976
6,945,2195,2234,49,976
6,948,2205,2244,39,976
6,949,2215,2254,39,976
6,951,2225,2264,39,976
6,953,2235,2274,39,976
6,957,2245,2284,39,976
6,959,2255,2294,55,976
6,961,2265,2304,55,976
6,963,2275,2315,55,976
6,965,2285,2325,55,976
6,967,2296,2335,55,976
6,969,2306,2345,37,976
6,971,2316,2356,37,976
6,973,2326,2366,37,976
6,975,2337,2376,37,976
6,977,2347,2387,37,976
6,980,2357,2397,38,976
6,981,2368,2408,38,976
6,983,2378,2418,38,976
6,986,2388,2429,38,976
6,988,2398,2439,38,976
6,990,2408,2450,49,976
6,992,2418,2460,49,976
6,994,2429,2471,49,976
6,996,2439,2481,49,976
6,999,2449,2492,49,976
6,1001,2459,2502,50,976
6,1003,2470,2513,50,976
6,1005,2481,2525,50,976
6,1008,2492,2536,50,976
6,1010,2503,2547,50,976
6,1012,2513,2558,46,976
6,1014,2524,2569,46,976
6,1016,2535,2580,46,976
6,1018,2546,2592,46,976
6,1021,2557,2603,46,976
6,1023,2568,2614,46,976
6,1025,2579,2626,46,976
6,1027,2589,2637,46,976
6,1029,2600,2648,46,976
6,1031,2611,2660,46,976
6,1034,2623,2671,38,976
6,1036,2633,2682,38,976
6,1038,2644,2694,38,976
6,1041,2655,2705,38,976
6,1043,2666,2717,65,976
6,1045,2677,2728,65,976
6,1047,2688,2740,65,976
6,1050,2699,2752,65,976
6,1052,2710,2763,65,976
6,1054,2721,2775,54,976
6,1056,2732,2786,54,976
6,1058,2744,2798,54,976
6,1060,2755,2810,54,976
6,1063,2766,2822,54,976
6,1065,2777,2833,54,976
6,1067,2789,2845,54,976
6,1069,2800,2857,54,976
6,1071,2812,2869,54,976
6,1073,2823,2881,54,976
6,1076,2834,2892,44,976
6,1078,2845,2904,44,976
6,1080,2857,2916,44,976
6,1082,2869,2928,44,976
6,1085,2880,2940,68,976
6,1087,2892,2952,68,976
6,1089,2903,2964,68,976
6,1092,2914,2976,68,976
6,1094,2926,2988,68,976
6,1096,2937,3000,59,976
6,1098,2949,3012,59,976
6,1100,2961,3025,59,976
6,1102,2972,3037,59,976
6,1105,2984,3049,59,976
6,1107,2996,3061,57,976
6,1109,3007,3073,57,976
6,1111,3019,3086,57,976
6,1113,3030,3098,57,976
6,1115,3042,3110,57,976
6,1118,3054,3123,53,976
6,1120,3066,3135,53,976
6,1122,3078,3147,53,976
6,1124,3089,3160,53,976
6,1127,3101,3172,77,976
6,1129,3113,3185,77,976
6,1131,3125,3197,77,976
6,1134,3137,3210,77,976
6,1136,3149,3222,77,976
6,1138,3160,3235,67,976
6,1140,3172,3247,67,976
6,1142,3185,3260,67,976
6,1144,3197,3273,67,976
6,1147,3209,3285,67,976
6,1149,3221,3298,66,976
6,1151,3233,3311,66,976
6,1153,3245,3323,66,976
6,1155,3257,3336,66,976
6,1157,3270,3349,66,976
6,1160,3282,3362,58,976
6,1162,3294,3375,58,976
6,1164,3306,3387,58,976
6,1166,3318,3400,58,976
6,1169,3331,3413,84,976
6,1171,3343,3426,84,976
6,1173,3355,3439,84,976
6,1176,3367,3452,84,976
6,1178,3379,3465,84,976
6,1180,3392,3478,75,976
6,1182,3404,3491,75,976
6,1184,3417,3504,75,976
6,1186,3429,3517,75,976
6,1189,3441,3530,75,976
6,1191,3454,3544,77,976
6,1193,3467,3557,77,976
6,1195,3479,3570,77,976
6,1197,3491,3583,77,976
6,1199,3504,3596,77,976
6,1202,3517,3609,77,976
6,1204,3529,3622,77,976
6,1206,3542,3635,77,976
6,1208,3554,3648,77,976
6,1210,3567,3661,77,976
6,1214,3580,3674,79,976
6,1216,3593,3687,79,976
6,1218,3605,3700,79,976
6,1220,3617,3714,79,976
6,1222,3630,3727,79,976
6,1224,3643,3740,82,976
6,1226,3656,3753,82,976
6,1229,3668,3766,82,976
6,1231,3681,3779,82,976
6,1233,3694,3792,82,976
6,1235,3707,3805,81,976
6,1237,3720,3818,81,976
6,1239,3732,3831,81,976
6,1241,3745,3844,81,976
6,1244,3758,3858,81,976
6,1246,3771,3871,83,976
6,1248,3784,3884,83,976
6,1250,3796,3897,83,976
6,1252,3809,3910,83,976
6,1255,3822,3923,83,976
6,1258,3835,3936,94,976
6,1260,3848,3949,94,976
6,1262,3861,3962,94,976
6,1264,3873,3975,94,976
6,1266,3886,3988,94,976
6,1269,3900,4001,71,976
6,1270,3913,4014,71,976
6,1273,3925,4028,71,976
6,1275,3938,4041,71,976
6,1277,3952,4054,71,976
6,1279,3965,4067,83,976
6,1281,3977,4080,83,976
6,1283,3990,4093,83,976
6,1286,4003,4106,83,976
6,1288,4016,4119,83,976
6,1290,4029,4132,86,976
6,1292,4042,4145,86,976
6,1294,4055,4158,86,976
6,1297,4068,4171,86,976
6,1300,4081,4185,100,976
6,1302,4095,4198,100,976
6,1304,4109,4212,100,976
6,1306,4122,4225,100,976
6,1309,4135,4239,100,976
6,1311,4149,4253,80,976
6,1313,4163,4266,80,976
6,1315,4176,4279,80,976
6,1317,4189,4292,80,976
6,1319,4202,4305,80,976
6,1322,4216,4318,80,976
6,1324,4229,4331,80,976
6,1326,4242,4344,80,976
6,1328,4255,4357,80,976
6,1330,4268,4370,80,976
6,1333,4281,4383,72,976
6,1335,4295,4396,72,976
6,1337,4308,4410,72,976
6,1340,4321,4423,72,976
6,1342,4334,4436,96,976
6,1344,4347,4449,96,976
6,1346,4360,4462,96,976
6,1348,4373,4475,96,976
6,1351,4386,4488,96,976
6,1353,4399,4501,83,976
6,1355,4413,4514,83,976
6,1357,4425,4527,83,976
6,1359,4438,4540,83,976
6,1361,4451,4553,83,976
6,1364,4465,4566,81,976
6,1366,4478,4580,81,976
6,1368,4491,4593,81,976
6,1370,4504,4606,81,976
6,1372,4517,4619,81,976
6,1375,4530,4632,72,976
6,1377,4544,4645,72,976
6,1379,4557,4658,72,976
6,1382,4569,4671,72,976
6,1384,4582,4684,98,976
6,1386,4595,4697,98,976
6,1388,4609,4710,98,976
6,1390,4621,4724,98,976
6,1393,4634,4737,98,976
6,1395,4647,4750,84,976
6,1397,4661,4763,84,976
6,1399,4674,4776,84,976
6,1401,4687,4789,84,976
6,1403,4700,4802,84,976
6,1406,4713,4815,82,976
6,1408,4726,4828,82,976
6,1410,4740,4841,82,976
6,1412,4753,4854,82,976
6,1414,4766,4867,82,976
6,1417,4779,4881,70,981
6,1419,4792,4894,70,981
6,1421,4805,4907,70,981
6,1423,4818,4920,70,981
6,1426,4831,4933,98,981
6,1428,4844,4946,98,981
6,1430,4857,4959,98,981
6,1432,4870,4972,98,981
6,1435,4883,4985,98,981
6,1437,4896,4998,83,981
6,1439,4909,5011,83,981
6,1441,4923,5024,83,981
6,1443,4936,5037,83,981
6,1445,4949,5051,83,981
6,1448,4962,5064,82,981
6,1450,4975,5077,82,981
6,1452,4989,5090,82,981
6,1454,5001,5103,82,981
6,1456,5014,5116,82,981
6,1459,5028,5129,69,981
6,1461,5041,5142,69,981
6,1463,5054,5155,69,981
6,1465,5067,5168,69,981
6,1468,5080,5181,97,981
6,1470,5093,5194,97,981
6,1472,5106,5208,97,981
6,1474,5119,5221,97,981
6,1477,5132,5234,97,981
6,1479,5145,5247,83,981
6,1481,5158,5260,83,981
6,1483,5171,5273,83,981
6,1485,5185,5286,83,981
6,1487,5197,5299,83,981
6,1490,5210,5312,83,981
6,1492,5224,5325,83,981
6,1494,5237,5338,83,981
6,1496,5250,5351,83,981
6,1498,5263,5365,83,981
6,1501,5276,5378,70,981
6,1503,5289,5391,70,981
6,1505,5302,5404,70,981
6,1507,5316,5417,70,981
6,1510,5329,5430,95,981
6,1512,5341,5443,95,981
6,1514,5354,5456,95,981
6,1516,5368,5469,95,981
6,1519,5381,5482,95,981
6,1521,5394,5495,82,981
6,1523,5406,5509,82,981
6,1525,5420,5522,82,981
6,1527,5433,5535,82,981
6,1529,5446,5548,82,981
6,1532,5459,5561,83,981
6,1534,5472,5574,83,981
6,1536,5485,5587,83,981
6,1538,5498,5600,83,981
6,1540,5512,5613,83,981
6,1543,5525,5626,69,981
6,1545,5537,5639,69,981
6,1547,5551,5652,69,981
6,1549,5564,5665,69,981
6,1551,5577,5679,69,981
6,1554,5590,5692,93,981
6,1556,5602,5705,93,981
6,1558,5616,5718,93,981
6,1561,5629,5731,93,981
6,1563,5642,5744,93,981
6,1565,5655,5757,83,981
6,1567,5668,5770,83,981
6,1569,5681,5783,83,981
6,1571,5694,5796,83,981
6,1574,5707,5809,83,981
6,1576,5720,5822,83,981
6,1578,5733,5836,83,981
6,1580,5746,5849,83,981
6,1582,5760,5862,83,981
6,1584,5773,5875,83,981
6,1587,5785,5888,73,981
6,1589,5798,5901,73,981
6,1591,5811,5914,73,981
6,1593,5825,5927,73,981
6,1596,5837,5940,99,981
6,1598,5850,5953,99,981
6,1600,5863,5966,99,981
6,1603,5877,5980,99,981
6,1605,5890,5993,99,981
6,1607,5903,6006,83,981
6,1609,5916,6019,83,981
6,1611,5929,6032,83,981
6,1613,5942,6045,83,981
6,1616,5956,6058,83,981
6,1618,5969,6071,82,981
6,1620,5981,6084,82,981
6,1622,5995,6097,82,981
6,1624,6008,6110,82,981
6,1626,6021,6123,82,981
6,1629,6034,6136,83,981
6,1631,6047,6150,83,981
6,1633,6060,6163,83,981
6,1635,6074,6176,83,981
6,1638,6087,6189,83,981
6,1641,6100,6202,82,981
6,1642,6113,6215,82,981
6,1645,6126,6228,82,981
6,1647,6139,6241,82,981
6,1649,6152,6254,82,981
6,1651,6165,6267,83,981
6,1653,6178,6280,83,981
6,1655,6191,6293,83,981
6,1658,6205,6307,83,981
6,1660,6217,6320,83,981
6,1662,6230,6333,84,981
6,1664,6243,6346,84,981
6,1666,6257,6359,84,981
6,1668,6270,6372,84,981
6,1671,6283,6385,84,981
6,1673,6296,6398,82,981
6,1675,6309,6411,82,981
6,1677,6322,6424,82,981
6,1679,6335,6437,82,981
6,1682,6348,6450,82,981
6,1685,6361,6464,84,981
6,1687,6374,6477,84,981
6,1689,6387,6490,84,981
6,1691,6401,6503,84,981
6,1693,6413,6516,84,981
6,1696,6426,6529,84,981
6,1697,6439,6542,84,981
6,1700,6453,6555,84,981
6,1702,6466,6568,84,981
6,1704,6478,6581,84,981
6,1706,6492,6594,82,981
6,1708,6505,6608,82,981
6,1710,6518,6621,82,981
6,1713,6531,6634,82,981
6,1715,6544,6647,82,981
6,1717,6557,6660,84,981
6,1719,6570,6673,84,981
6,1721,6583,6686,84,981
6,1724,6597,6699,84,981
6,1727,6609,6712,84,981
6,1729,6622,6725,94,981
6,1731,6635,6738,94,981
6,1733,6649,6751,94,981
6,1735,6662,6765,94,981
6,1737,6675,6778,94,981
6,1740,6688,6791,71,981
6,1742,6701,6804,71,981
6,1744,6714,6817,71,981
6,1746,6727,6830,71,981
6,1748,6740,6843,71,981
6,1751,6753,6856,84,981
6,1752,6766,6869,84,981
6,1755,6780,6882,84,981
6,1757,6793,6895,84,981
6,1759,6805,6908,84,981
6,1761,6818,6922,85,981
6,1763,6832,6935,85,981
6,1766,6845,6948,85,981
6,1769,6858,6961,85,981
6,1771,6871,6974,97,981
6,1773,6884,6987,97,981
6,1775,6897,7000,97,981
6,1777,6910,7013,97,981
6,1779,6923,7026,97,981
6,1782,6936,7039,73,981
6,1784,6949,7052,73,981
6,1786,6962,7065,73,981
6,1788,6976,7078,73,981
6,1790,6989,7092,73,981
6,1793,7001,7105,85,981
6,1794,7014,7118,85,981
6,1797,7028,7131,85,981
6,1799,7041,7144,85,981
6,1801,7054,7157,85,981
6,1803,7067,7170,83,981
6,1805,7080,7183,83,981
6,1807,7093,7196,83,981
6,1811,7106,7209,83,981
6,1813,7119,7222,99,981
6,1815,7132,7235,99,981
6,1817,7145,7249,99,981
6,1819,7158,7262,99,981
6,1821,7172,7275,99,981
6,1824,7185,7288,71,981
6,1826,7198,7301,71,981
6,1828,7211,7314,71,981
6,1830,7224,7327,71,981
6,1832,7237,7340,71,981
6,1835,7250,7353,84,981
6,1836,7263,7366,84,981
6,1839,7276,7379,84,981
6,1841,7290,7393,84,981
6,1843,7303,7406,84,981
6,1845,7316,7419,83,981
6,1847,7329,7432,83,981
6,1849,7342,7445,83,981
6,1853,7355,7458,83,981
6,1855,7368,7471,99,981
6,1857,7381,7484,99,981
6,1859,7394,7497,99,981
6,1861,7407,7510,99,981
6,1863,7421,7523,99,981
6,1866,7434,7536,70,981
6,1868,7447,7550,70,981
6,1870,7460,7563,70,981
6,1872,7473,7576,70,981
6,1874,7487,7589,70,981
6,1877,7500,7602,82,981
6,1878,7513,7615,82,981
6,1881,7525,7628,82,981
6,1883,7539,7641,82,981
6,1885,7552,7654,82,981
6,1887,7565,7667,83,981
6,1889,7578,7680,83,981
6,1891,7591,7693,83,981
6,1895,7604,7707,83,981
6,1897,7617,7720,99,981
6,1899,7630,7733,99,981
6,1901,7643,7746,99,981
6,1903,7656,7759,99,981
6,1905,7670,7772,99,981
6,1908,7683,7785,70,981
6,1910,7696,7798,70,981
6,1912,7709,7811,70,981
6,1914,7722,7824,70,981
6,1916,7736,7837,70,981
6,1919,7749,7850,81,983
6,1920,7762,7863,81,983
6,1923,7775,7877,81,983
6,1925,7788,7890,81,983
6,1927,7801,7903,81,983
6,1929,7814,7916,83,983
6,1931,7827,7929,83,983
6,1933,7840,7942,83,983
6,1937,7853,7955,83,983
6,1939,7866,7968,98,983
6,1941,7880,7981,98,983
6,1943,7893,7994,98,983
6,1945,7905,8007,98,983
6,1947,7918,8021,98,983
6,1950,7932,8034,70,983
6,1952,7945,8047,70,983
6,1954,7958,8060,70,983
6,1956,7971,8073,70,983
6,1958,7984,8086,70,983
6,1961,7998,8099,81,983
6,1962,8011,8112,81,983
6,1965,8024,8125,81,983
6,1967,8037,8138,81,983
6,1969,8050,8151,81,983
6,1971,8063,8164,82,983
6,1973,8076,8177,82,983
6,1975,8089,8191,82,983
6,1978,8102,8204,82,983
6,1981,8115,8217,98,983
6,1983,8128,8230,98,983
6,1985,8141,8243,98,983
6,1987,8154,8256,98,983
6,1989,8167,8269,98,983
6,1992,8181,8282,69,983
6,1994,8194,8295,69,983
6,1996,8207,8308,69,983
6,1998,8220,8321,69,983
6,2000,8233,8334,69,983
6,2003,8246,8348,83,983
6,2004,8259,8361,83,983
6,2007,8272,8374,83,983
6,2009,8285,8387,83,983
6,2011,8298,8400,83,983
6,2013,8311,8413,83,983
6,2015,8325,8426,83,983
6,2017,8337,8439,83,983
6,2020,8350,8452,83,983
6,2023,8363,8465,98,983
6,2025,8377,8478,98,983
6,2027,8390,8492,98,983
6,2029,8403,8505,98,983
6,2031,8416,8518,98,983
6,2034,8429,8531,70,983
6,2036,8442,8544,70,983
6,2038,8455,8557,70,983
6,2040,8468,8570,70,983
6,2042,8481,8583,70,983
6,2045,8494,8596,83,983
6,2046,8508,8609,83,983
6,2049,8521,8622,83,983
6,2051,8533,8635,83,983
6,2053,8546,8648,83,983
6,2055,8559,8662,84,983
6,2057,8573,8675,84,983
6,2059,8585,8688,84,983
6,2062,8598,8701,84,983
6,2065,8611,8714,99,983
6,2067,8625,8727,99,983
6,2069,8638,8740,99,983
6,2071,8651,8753,99,983
6,2073,8664,8766,99,983
6,2076,8677,8779,70,983
6,2078,8690,8792,70,983
6,2080,8704,8805,70,983
6,2082,8717,8819,70,983
6,2084,8729,8832,70,983
6,2087,8743,8845,82,983
6,2088,8756,8858,82,983
6,2091,8769,8871,82,983
6,2093,8782,8884,82,983
6,2095,8795,8897,82,983
6,2097,8808,8910,83,983
6,2099,8821,8923,83,983
6,2101,8835,8936,83,983
6,2104,8848,8949,83,983
6,2106,8861,8962,83,983
6,2109,8873,8976,94,983
6,2111,8887,8989,94,983
6,2113,8900,9002,94,983
6,2115,8913,9015,94,983
6,2118,8926,9028,94,983
6,2120,8939,9041,82,983
6,2122,8952,9054,82,983
6,2124,8965,9067,82,983
6,2126,8978,9080,82,983
6,2128,8991,9093,82,983
6,2131,9005,9106,69,983
6,2133,9018,9119,69,983
6,2135,9031,9133,69,983
6,2137,9044,9146,69,983
6,2139,9057,9159,69,983
6,2142,9070,9172,83,983
6,2143,9083,9185,83,983
6,2146,9096,9198,83,983
6,2148,9109,9211,83,983
6,2151,9122,9224,98,983
6,2153,9135,9237,98,983
6,2155,9148,9250,98,983
6,2157,9161,9263,98,983
6,2160,9174,9276,98,983
6,2162,9187,9290,84,983
6,2164,9200,9303,84,983
6,2166,9214,9316,84,983
6,2168,9227,9329,84,983
6,2170,9240,9342,84,983
6,2173,9253,9355,70,983
6,2175,9266,9368,70,983
6,2177,9279,9381,70,983
6,2179,9293,9394,70,983
6,2181,9305,9407,70,983
6,2184,9318,9420,83,983
6,2185,9331,9433,83,983
6,2188,9345,9447,83,983
6,2190,9357,9460,83,983
6,2193,9370,9473,99,983
6,2195,9383,9486,99,983
6,2197,9397,9499,99,983
6,2199,9410,9512,99,983
6,2202,9423,9525,99,983
6,2204,9436,9538,82,983
6,2206,9449,9551,82,983
6,2208,9462,9564,82,983
6,2210,9476,9577,82,983
6,2212,9489,9590,82,983
6,2215,9502,9604,70,983
6,2217,9515,9617,70,983
6,2219,9528,9630,70,983
6,2221,9541,9643,70,983
6,2223,9554,9656,70,983
6,2226,9567,9669,83,983
6,2227,9580,9682,83,983
6,2230,9593,9695,83,983
6,2232,9607,9708,83,983
6,2234,9619,9721,83,983
6,2237,9632,9734,93,983
6,2239,9645,9747,93,983
6,2241,9659,9761,93,983
6,2244,9672,9774,93,983
6,2246,9685,9787,93,983
6,2248,9698,9800,82,983
6,2250,9711,9813,82,983
6,2252,9724,9826,82,983
6,2254,9737,9839,82,983
6,2256,9750,9852,82,983
6,2259,9763,9865,83,983
6,2261,9776,9878,83,983
6,2263,9790,9891,83,983
6,2265,9803,9904,83,983
6,2267,9816,9918,83,983
6,2270,9829,9931,70,983
6,2272,9842,9944,70,983
6,2274,9855,9957,70,983
6,2276,9868,9970,70,983
6,2279,9881,9983,98,983
6,2281,9894,9996,98,983
6,2283,9907,10009,98,983
6,2286,9921,10023,98,983
6,2288,9934,10036,98,983
6,2290,9947,10050,83,983
6,2292,9961,10063,83,983
6,2295,9975,10077,83,983
6,2297,9989,10091,83,983
6,2299,10002,10104,83,983
6,2302,10016,10118,76,983
6,2304,10030,10132,76,983
6,2306,10045,10147,76,983
6,2308,10058,10161,76,983
6,2311,10072,10175,91,983
6,2313,10086,10189,91,983
6,2315,10101,10203,91,983
6,2318,10115,10217,91,983
6,2321,10129,10231,88,983
6,2323,10143,10245,88,983
6,2326,10157,10259,88,983
6,2328,10171,10273,88,983
6,2330,10185,10287,88,983
6,2333,10199,10301,85,983
6,2335,10213,10316,85,983
6,2337,10227,10330,85,983
6,2340,10242,10344,85,983
6,2342,10256,10358,85,983
6,2345,10269,10372,75,983
6,2347,10284,10386,75,983
6,2349,10298,10400,75,983
6,2351,10312,10414,75,983
6,2354,10326,10428,75,983
6,2356,10340,10442,83,983
6,2358,10354,10456,83,983
6,2360,10368,10471,83,983
6,2364,10382,10485,83,983
6,2366,10396,10499,91,983
6,2368,10410,10513,91,983
6,2371,10424,10527,91,983
6,2373,10438,10541,91,983
6,2375,10452,10555,91,983
6,2378,10466,10569,86,983
6,2380,10480,10583,86,983
6,2382,10495,10597,86,983
6,2385,10509,10611,86,983
6,2387,10522,10626,86,983
6,2390,10537,10640,73,983
6,2392,10551,10654,73,983
6,2394,10565,10668,73,983
6,2396,10579,10682,73,983
6,2399,10593,10696,91,983
6,2401,10607,10710,91,983
6,2403,10621,10724,91,983
6,2407,10635,10738,91,983
6,2409,10649,10752,91,983
6,2411,10663,10766,91,983
6,2414,10678,10781,91,983
6,2416,10692,10795,91,983
6,2418,10706,10809,91,983
6,2421,10720,10823,84,976
6,2423,10734,10837,84,976
6,2425,10748,10851,84,976
6,2428,10762,10865,84,976
6,2430,10776,10879,84,976
6,2432,10790,10893,75,976
6,2435,10805,10907,75,976
6,2437,10819,10921,75,976
6,2439,10833,10935,75,976
6,2442,10847,10950,75,976
6,2444,10861,10964,84,976
6,2446,10875,10978,84,976
6,2449,10889,10992,84,976
6,2452,10903,11006,84,976
6,2454,10917,11020,91,976
6,2456,10932,11034,91,976
6,2459,10946,11048,91,976
6,2461,10960,11062,91,976
6,2463,10974,11076,91,976
6,2466,10988,11090,83,976
6,2468,11002,11105,83,976
6,2470,11016,11119,83,976
6,2473,11030,11133,83,976
6,2475,11044,11147,83,976
6,2478,11058,11161,75,976
6,2480,11073,11175,75,976
6,2482,11087,11189,75,976
6,2484,11101,11203,75,976
6,2487,11115,11217,88,976
6,2489,11129,11231,88,976
6,2492,11143,11245,88,976
6,2495,11157,11260,88,976
6,2497,11171,11274,91,976
6,2499,11185,11288,91,976
6,2502,11200,11302,91,976
6,2504,11213,11316,91,976
6,2506,11227,11330,91,976
6,2509,11241,11344,86,976
6,2511,11256,11358,86,976
6,2513,11270,11372,86,976
6,2516,11284,11386,86,976
6,2518,11298,11400,86,976
6,2520,11312,11415,73,976
6,2523,11326,11429,73,976
6,2525,11341,11443,73,976
6,2527,11354,11457,73,976
6,2530,11368,11471,73,976
6,2532,11383,11485,83,976
6,2535,11397,11499,83,976
6,2537,11411,11513,83,976
6,2540,11425,11527,83,976
6,2542,11439,11541,90,976
6,2544,11453,11555,90,976
6,2547,11467,11570,90,976
6,2549,11481,11584,90,976
6,2551,11495,11598,90,976
6,2554,11509,11612,86,976
6,2556,11524,11626,86,976
6,2558,11537,11640,86,976
6,2561,11551,11654,86,976
6,2563,11565,11668,86,976
6,2566,11580,11682,72,976
6,2568,11594,11696,72,976
6,2570,11608,11710,72,976
6,2572,11622,11725,72,976
6,2575,11636,11739,91,976
6,2578,11650,11753,91,976
6,2580,11664,11767,91,976
6,2583,11678,11781,91,976
6,2585,11692,11795,91,976
6,2587,11706,11809,91,976
6,2590,11720,11823,91,976
6,2592,11734,11837,91,976
6,2594,11748,11851,91,976
6,2597,11762,11865,86,976
6,2599,11777,11879,86,976
6,2601,11790,11894,86,976
6,2604,11805,11908,86,976
6,2606,11818,11922,86,976
6,2608,11833,11936,73,976
6,2611,11847,11950,73,976
6,2613,11861,11964,73,976
6,2615,11875,11978,73,976
6,2618,11889,11992,73,976
6,2621,11904,12006,92,976
6,2623,11917,12020,92,976
6,2625,11931,12034,92,976
6,2628,11945,12049,92,976
6,2630,11960,12063,92,976
6,2633,11974,12077,75,976
6,2635,11988,12091,75,976
6,2637,12001,12105,75,976
6,2639,12016,12119,75,976
6,2642,12030,12133,91,976
6,2644,12044,12147,91,976
6,2646,12058,12161,91,976
6,2649,12072,12175,91,976
6,2651,12086,12190,91,976
6,2654,12101,12204,73,976
6,2656,12114,12218,73,976
6,2658,12129,12232,73,976
6,2660,12142,12246,73,976
6,2664,12157,12260,100,976
6,2666,12172,12275,100,976
6,2668,12186,12289,100,976
6,2671,12201,12304,100,976
6,2673,12216,12318,100,976
6,2676,12230,12333,81,976
6,2678,12245,12347,81,976
6,2680,12259,12361,81,976
6,2683,12273,12375,81,976
6,2685,12288,12389,81,976
6,2688,12302,12403,70,976
6,2690,12316,12417,70,976
6,2692,12330,12432,70,976
6,2694,12345,12446,70,976
6,2697,12359,12460,87,976
6,2699,12373,12474,87,976
6,2701,12387,12488,87,976
6,2705,12401,12502,87,976
6,2707,12415,12516,89,976
6,2709,12429,12530,89,976
6,2712,12443,12544,89,976
6,2714,12457,12558,89,976
6,2716,12472,12572,89,976
6,2719,12486,12586,70,976
6,2721,12500,12601,70,976
6,2723,12514,12615,70,976
6,2726,12528,12629,70,976
6,2728,12543,12643,86,976
6,2730,12557,12657,86,976
6,2732,12570,12671,86,976
6,2735,12585,12685,86,976
6,2737,12599,12699,86,976
6,2740,12613,12713,72,976
6,2742,12627,12727,72,976
6,2744,12641,12741,72,976
6,2746,12655,12756,72,976
6,2750,12669,12770,99,976
6,2752,12683,12784,99,976
6,2754,12697,12798,99,976
6,2757,12711,12812,99,976
6,2759,12725,12826,99,976
6,2762,12740,12840,70,976
6,2764,12754,12854,70,976
6,2766,12768,12868,70,976
6,2768,12782,12882,70,976
6,2771,12796,12897,89,976
6,2773,12810,12911,89,976
6,2775,12824,12925,89,976
6,2778,12838,12939,89,976
6,2780,12853,12953,89,976
6,2783,12867,12967,70,976
6,2785,12881,12981,70,976
6,2787,12895,12995,70,976
6,2790,12909,13009,70,976
6,2793,12924,13023,95,976
6,2795,12937,13037,95,976
6,2797,12951,13052,95,976
6,2800,12965,13066,95,976
6,2802,12980,13080,95,976
6,2804,12994,13094,72,976
6,2807,13008,13108,72,976
6,2809,13022,13122,72,976
6,2811,13036,13136,72,976
6,2814,13050,13150,72,976
6,2816,13064,13164,83,976
6,2818,13078,13178,83,976
6,2820,13092,13192,83,976
6,2823,13106,13206,83,976
6,2825,13121,13221,83,976
6,2828,13134,13235,73,976
6,2830,13148,13249,73,976
6,2833,13162,13263,73,976
6,2835,13177,13277,73,976
6,2838,13190,13291,99,976
6,2840,13204,13305,99,976
6,2842,13218,13319,99,976
6,2845,13232,13333,99,976
6,2847,13247,13347,99,976
6,2850,13261,13361,70,976
6,2852,13274,13376,70,976
6,2854,13289,13390,70,976
6,2856,13303,13404,70,976
6,2859,13317,13418,89,976
6,2861,13331,13432,89,976
6,2863,13345,13446,89,976
6,2866,13359,13460,89,976
6,2868,13374,13474,89,976
6,2871,13388,13488,70,976
6,2873,13401,13502,70,976
6,2876,13416,13516,70,976
6,2878,13430,13530,70,976
6,2881,13444,13545,99,976
6,2883,13458,13559,99,976
6,2885,13472,13573,99,976
6,2888,13486,13587,99,976
6,2890,13501,13601,99,976
6,2892,13515,13615,70,976
6,2895,13529,13629,70,976
6,2897,13543,13643,70,976
6,2899,13557,13657,70,976
6,2902,13572,13671,70,976
6,2904,13585,13686,84,976
6,2906,13599,13700,84,976
6,2908,13613,13714,84,976
6,2911,13628,13728,84,976
6,2913,13642,13742,84,976
6,2916,13656,13756,70,976
6,2919,13670,13770,70,976
6,2921,13684,13784,70,976
6,2924,13698,13798,70,976
6,2926,13712,13812,98,976
6,2928,13726,13826,98,976
6,2930,13740,13840,98,976
6,2933,13754,13855,98,976
6,2935,13769,13869,98,976
6,2938,13782,13883,73,976
6,2940,13797,13897,73,976
6,2942,13811,13911,73,976
6,2944,13825,13925,73,976
6,2947,13839,13939,86,976
6,2949,13853,13953,86,976
6,2951,13867,13967,86,976
6,2954,13882,13981,86,976
6,2956,13896,13995,86,976
6,2959,13910,14010,70,976
6,2962,13924,14024,70,976
6,2964,13938,14038,70,976
6,2966,13952,14052,70,976
6,2969,13966,14066,98,976
6,2971,13980,14080,98,976
6,2973,13994,14094,98,976
6,2976,14009,14108,98,976
6,2978,14023,14122,98,976
6,2980,14037,14136,69,976
6,2983,14051,14151,69,976
6,2985,14065,14165,69,976
6,2987,14079,14179,69,976
6,2989,14093,14193,69,976
6,2992,14107,14207,83,976
6,2994,14121,14221,83,976
6,2996,14136,14235,83,976
6,2999,14150,14249,83,976
6,3001,14164,14263,83,976
6,3005,14177,14277,83,976
6,3007,14192,14291,83,976
6,3009,14206,14305,83,976
6,3011,14220,14320,83,976
6,3014,14234,14334,86,976
6,3016,14248,14348,86,976
6,3018,14262,14362,86,976
6,3021,14276,14376,86,976
6,3023,14290,14390,86,976
6,3026,14304,14404,72,976
6,3028,14318,14418,72,976
6,3030,14333,14432,72,976
6,3032,14346,14446,72,976
6,3035,14360,14460,88,976
6,3037,14374,14474,88,976
6,3039,14388,14489,88,976
6,3042,14402,14503,88,976
6,3044,14416,14517,88,976
6,3048,14430,14531,84,976
6,3050,14444,14545,84,976
6,3052,14458,14559,84,976
6,3054,14473,14573,84,976
6,3057,14486,14587,89,976
6,3059,14500,14601,89,976
6,3061,14514,14615,89,976
6,3064,14529,14629,89,976
6,3066,14543,14644,89,976
6,3068,14557,14658,71,976
6,3071,14571,14672,71,976
6,3073,14585,14686,71,976
6,3075,14599,14700,71,976
6,3077,14613,14714,71,976
6,3080,14627,14728,84,976
6,3082,14641,14742,84,976
6,3084,14655,14756,84,976
6,3087,14669,14770,84,976
6,3090,14683,14785,90,976
6,3092,14697,14799,90,976
6,3095,14711,14813,90,976
6,3097,14725,14827,90,976
6,3099,14739,14841,90,976
6,3102,14753,14855,85,976
6,3104,14767,14869,85,976
6,3106,14781,14883,85,976
6,3109,14795,14897,85,976
6,3111,14809,14911,85,976
6,3114,14823,14925,74,976
6,3116,14837,14940,74,976
6,3118,14852,14954,74,976
6,3120,14866,14968,74,976
6,3123,14880,14982,88,976
6,3125,14893,14996,88,976
6,3127,14908,15010,88,976
6,3130,14922,15024,88,976
6,3133,14936,15038,90,976
6,3135,14950,15052,90,976
6,3138,14964,15066,90,976
6,3140,14978,15080,90,976
6,3142,14992,15095,90,976
6,3145,15006,15109,86,976
6,3147,15020,15123,86,976
6,3149,15034,15137,86,976
6,3152,15049,15151,86,976
6,3154,15062,15165,86,976
6,3156,15077,15179,72,976
6,3159,15091,15193,72,976
6,3161,15105,15207,72,976
6,3163,15119,15221,72,976
6,3165,15133,15235,72,976
6,3168,15147,15249,85,976
6,3170,15161,15264,85,976
6,3172,15175,15278,85,976
6,3176,15189,15292,85,976
6,3178,15203,15306,91,976
6,3180,15217,15320,91,976
6,3183,15232,15334,91,976
6,3185,15245,15348,91,976
6,3187,15259,15362,91,976
6,3190,15273,15376,86,976
6,3192,15288,15390,86,976
6,3194,15302,15404,86,976
6,3197,15316,15418,86,976
6,3199,15330,15433,86,976
6,3202,15344,15447,73,976
6,3204,15358,15461,73,976
6,3206,15373,15475,73,976
6,3208,15386,15489,73,976
6,3211,15400,15503,91,976
6,3213,15415,15517,91,976
6,3215,15429,15531,91,976
6,3219,15443,15545,91,976
6,3221,15457,15559,88,976
6,3223,15471,15574,88,976
6,3226,15485,15588,88,976
6,3228,15499,15602,88,976
6,3230,15513,15616,88,976
6,3233,15527,15630,86,976
6,3235,15541,15644,86,976
6,3237,15556,15658,86,976
6,3240,15570,15672,86,976
6,3242,15584,15686,86,976
6,3244,15598,15700,72,976
6,3247,15612,15714,72,976
6,3249,15626,15729,72,976
6,3251,15640,15743,72,976
6,3253,15654,15757,72,976
6,3256,15669,15771,83,976
6,3258,15683,15785,83,976
6,3261,15697,15799,83,976
6,3264,15710,15813,83,976
6,3266,15724,15827,93,976
6,3268,15739,15841,93,976
6,3271,15753,15855,93,976
6,3273,15766,15869,93,976
6,3275,15781,15884,93,976
6,3278,15795,15898,84,976
6,3280,15809,15912,84,976
6,3282,15823,15926,84,976
6,3285,15837,15940,84,976
6,3287,15851,15954,84,976
6,3290,15865,15968,75,976
6,3292,15880,15982,75,976
6,3294,15893,15996,75,976
6,3296,15907,16010,75,976
6,3299,15921,16024,91,976
6,3302,15936,16038,91,976
6,3304,15949,16053,91,976
6,3307,15964,16067,91,976
6,3309,15977,16081,92,976
6,3311,15992,16095,92,976
6,3314,16006,16109,92,976
6,3316,16020,16123,92,976
6,3318,16034,16137,92,976
6,3321,16048,16151,84,976
6,3323,16063,16165,84,976
6,3325,16077,16179,84,976
6,3328,16090,16193,84,976
6,3330,16105,16208,84,976
6,3332,16119,16222,73,976
6,3335,16133,16236,73,976
6,3337,16147,16250,73,976
6,3339,16161,16264,73,976
6,3341,16175,16278,73,976
6,3345,16190,16292,92,976
6,3347,16204,16306,92,976
6,3349,16217,16320,92,976
6,3352,16232,16334,92,976
6,3354,16246,16348,92,976
6,3357,16260,16362,74,976
6,3359,16274,16377,74,976
6,3361,16288,16391,74,976
6,3363,16302,16405,74,976
6,3366,16317,16419,88,976
6,3368,16330,16433,88,976
6,3370,16344,16447,88,976
6,3373,16358,16461,88,976
6,3375,16373,16475,88,976
6,3378,16387,16489,74,976
6,3380,16401,16503,74,976
6,3382,16414,16518,74,976
6,3384,16429,16532,74,976
6,3388,16443,16546,100,976
6,3390,16457,16560,100,976
6,3393,16472,16574,100,976
6,3395,16486,16589,100,976
6,3397,16501,16603,100,976
6,3400,16516,16618,80,976
6,3402,16530,16632,80,976
6,3404,16545,16645,80,976
6,3407,16559,16659,80,976
6,3409,16573,16673,80,976
6,3412,16588,16687,68,976
6,3414,16601,16700,68,976
6,3416,16616,16714,68,976
6,3418,16630,16727,68,976
6,3421,16645,16741,82,976
6,3423,16658,16755,82,976
6,3425,16672,16768,82,973
6,3428,16686,16782,82,973
6,3431,16701,16795,82,973
6,3433,16715,16809,82,973
6,3436,16729,16822,82,973
6,3438,16743,16836,82,973
6,3440,16757,16849,82,973
6,3443,16771,16862,74,973
6,3445,16785,16876,74,973
6,3447,16799,16889,74,973
6,3450,16813,16902,74,973
6,3452,16828,16915,74,973
6,3455,16841,16929,60,973
6,3457,16855,16942,60,973
6,3459,16869,16955,60,973
6,3461,16883,16968,60,973
6,3464,16897,16981,72,973
6,3466,16911,16994,72,973
6,3468,16925,17007,72,973
6,3471,16939,17020,72,973
6,3474,16953,17033,68,973
6,3476,16967,17046,68,973
6,3479,16981,17059,68,973
6,3481,16994,17072,68,973
6,3483,17008,17085,68,973
6,3486,17022,17098,50,973
6,3488,17036,17110,50,973
6,3490,17049,17123,50,973
6,3492,17063,17136,50,973
6,3495,17077,17149,62,973
6,3497,17091,17161,62,973
6,3499,17104,17174,62,973
6,3502,17118,17187,62,973
6,3504,17131,17199,62,973
6,3507,17145,17212,43,973
6,3509,17159,17224,43,973
6,3511,17172,17237,43,973
6,3513,17185,17249,43,973
6,3517,17199,17262,64,973
6,3519,17213,17274,64,973
6,3521,17226,17287,64,973
6,3524,17239,17299,64,973
6,3526,17252,17311,64,973
6,3529,17266,17324,36,973
6,3531,17280,17336,36,973
6,3533,17293,17348,36,973
6,3535,17306,17361,36,973
6,3538,17319,17373,48,973
6,3540,17332,17385,48,973
6,3542,17346,17397,48,973
6,3545,17358,17409,48,973
6,3547,17371,17421,48,973
6,3550,17385,17433,28,973
6,3552,17398,17445,28,973
6,3554,17411,17457,28,973
6,3556,17424,17469,28,973
6,3560,17436,17481,43,973
6,3562,17449,17493,43,973
6,3564,17462,17505,43,973
6,3566,17475,17517,43,973
6,3569,17488,17529,37,973
6,3571,17500,17541,37,973
6,3573,17513,17553,37,973
6,3576,17525,17564,37,973
6,3578,17538,17576,37,973
6,3581,17550,17588,25,973
6,3583,17563,17599,25,973
6,3585,17575,17611,25,973
6,3587,17588,17623,25,973
6,3590,17600,17634,34,973
6,3592,17613,17646,34,973
6,3594,17625,17657,34,973
6,3597,17637,17669,34,973
6,3599,17649,17680,34,973
6,3603,17661,17692,29,973
6,3605,17673,17703,29,973
6,3607,17685,17715,29,973
6,3609,17697,17726,29,973
6,3612,17709,17737,32,973
6,3614,17721,17749,32,973
6,3616,17733,17760,32,973
6,3619,17745,17771,32,973
6,3621,17757,17782,32,973
6,3624,17768,17794,18,973
6,3626,17780,17805,18,973
6,3628,17792,17816,18,973
6,3630,17804,17827,18,973
6,3633,17815,17838,29,973
6,3635,17826,17849,29,973
6,3637,17838,17860,29,973
6,3640,17849,17871,29,973
6,3642,17861,17882,29,973
6,3645,17872,17893,26,973
6,3648,17883,17904,26,973
6,3650,17894,17915,26,973
6,3652,17906,17926,26,973
6,3654,17917,17936,26,973
6,3657,17928,17947,25,973
6,3659,17939,17958,25,973
6,3661,17950,17969,25,973
6,3664,17961,17979,25,973
6,3666,17972,17990,25,973
6,3669,17983,18001,18,973
6,3671,17994,18011,18,973
6,3673,18005,18022,18,973
6,3675,18016,18033,18,973
6,3678,18026,18043,31,973
6,3680,18037,18054,31,973
6,3682,18048,18064,31,973
6,3686,18058,18075,31,973
6,3688,18069,18085,30,973
6,3690,18080,18095,30,973
6,3693,18090,18106,30,973
6,3695,18101,18116,30,973
6,3697,18112,18126,30,973
6,3700,18122,18137,26,973
6,3702,18133,18147,26,973
6,3704,18143,18157,26,973
6,3707,18153,18167,26,973
6,3709,18164,18178,26,973
6,3712,18175,18188,16,973
6,3714,18185,18198,16,973
6,3716,18195,18208,16,973
6,3718,18205,18218,16,973
6,3721,18216,18228,30,973
6,3723,18226,18238,30,973
6,3725,18237,18248,30,973
6,3729,18247,18258,30,973
6,3731,18257,18268,29,973
6,3733,18267,18278,29,973
6,3736,18277,18288,29,973
6,3738,18287,18297,29,973
6,3740,18297,18307,29,973
6,3743,18308,18317,16,973
6,3745,18317,18327,16,973
6,3747,18328,18337,16,973
6,3749,18337,18346,16,973
6,3752,18347,18356,31,973
6,3754,18357,18366,31,973
6,3756,18368,18375,31,973
6,3759,18377,18385,31,973
6,3761,18387,18394,31,973
6,3764,18397,18404,16,973
6,3766,18407,18413,16,973
6,3768,18417,18423,16,973
6,3770,18427,18432,16,973
6,3774,18437,18442,32,973
6,3776,18446,18451,32,973
6,3778,18456,18460,32,973
6,3781,18465,18470,32,973
6,3783,18475,18479,32,973
6,3786,18485,18488,15,973
6,3788,18495,18497,15,973
6,3790,18505,18507,15,973
6,3792,18514,18516,15,973
6,3795,18524,18525,23,973
6,3797,18533,18534,23,973
6,3799,18542,18543,23,973
6,3802,18552,18552,23,973
6,3804,18562,18561,23,973
6,3807,18571,18570,13,973
6,3809,18581,18579,13,973
6,3811,18590,18588,13,973
6,3814,18599,18597,13,973
6,3817,18608,18606,23,973
6,3819,18618,18615,23,973
6,3821,18627,18624,23,973
6,3823,18636,18633,23,973
6,3826,18645,18641,21,973
6,3828,18654,18650,21,973
6,3830,18663,18659,21,973
6,3833,18672,18668,21,973
6,3835,18681,18676,21,973
6,3838,18690,18685,12,973
6,3840,18699,18694,12,973
6,3842,18708,18702,12,973
6,3844,18717,18711,12,973
6,3847,18725,18719,23,973
6,3849,18734,18728,23,973
6,3851,18743,18736,23,973
6,3854,18752,18745,23,973
6,3857,18761,18753,18,973
6,3859,18769,18761,18,973
6,3862,18778,18770,18,973
6,3864,18786,18778,18,973
6,3866,18795,18786,18,973
6,3869,18804,18795,17,973
6,3871,18813,18803,17,973
6,3873,18821,18811,17,973
6,3876,18829,18819,17,973
6,3878,18837,18828,17,973
6,3881,18846,18836,11,973
6,3883,18854,18844,11,973
6,3885,18863,18852,11,973
6,3887,18871,18860,11,973
6,3890,18880,18868,17,973
6,3892,18888,18876,17,973
6,3894,18896,18884,17,973
6,3897,18904,18892,17,973
6,3900,18912,18900,21,973
6,3902,18920,18908,21,973
6,3905,18928,18915,21,973
6,3907,18936,18923,21,973
6,3909,18944,18931,21,973
6,3912,18952,18939,10,973
6,3914,18960,18947,10,973
6,3916,18968,18954,10,973
6,3918,18975,18962,10,973
6,3921,18983,18970,21,973
6,3923,18991,18977,21,973
6,3925,18999,18985,21,973
6,3928,19007,18992,21,986
6,3930,19015,19000,21,986
6,3933,19022,19007,9,986
6,3935,19029,19015,9,986
6,3937,19037,19022,9,986
6,3939,19044,19029,9,986
6,3943,19052,19036,18,986
6,3945,19059,19043,18,986
6,3947,19067,19051,18,986
6,3949,19074,19058,18,986
6,3952,19082,19065,17,986
6,3954,19089,19073,17,986
6,3956,19096,19080,17,986
6,3959,19104,19087,17,986
6,3961,19111,19094,17,986
6,3964,19118,19101,10,986
6,3966,19126,19109,10,986
6,3968,19133,19116,10,986
6,3970,19141,19123,10,986
6,3973,19148,19130,14,986
6,3975,19155,19137,14,986
6,3977,19162,19144,14,986
6,3980,19169,19151,14,986
6,3982,19176,19158,14,986
6,3985,19183,19164,14,986
6,3988,19190,19171,14,986
6,3990,19197,19178,14,986
6,3992,19204,19185,14,986
6,3995,19211,19192,14,986
6,3997,19218,19199,13,986
6,3999,19224,19205,13,986
6,4001,19231,19212,13,986
6,4004,19238,19219,13,986
6,4006,19245,19225,13,986
6,4009,19251,19232,10,986
6,4011,19258,19238,10,986
6,4013,19265,19245,10,986
6,4015,19272,19252,10,986
6,4018,19278,19258,15,986
6,4020,19284,19264,15,986
6,4022,19290,19271,15,986
6,4025,19297,19277,15,986
6,4028,19303,19284,19,986
6,4030,19310,19290,19,986
6,4033,19316,19296,19,986
6,4035,19323,19303,19,986
6,4037,19329,19309,19,986
6,4040,19336,19315,11,986
6,4042,19342,19321,11,986
6,4044,19349,19328,11,986
6,4047,19355,19334,11,986
6,4049,19361,19340,11,986
6,4052,19367,19346,9,986
6,4054,19373,19352,9,986
6,4056,19379,19358,9,986
6,4058,19385,19363,9,986
6,4060,19392,19369,9,986
6,4063,19397,19375,8,986
6,4065,19403,19381,8,986
6,4067,19409,19386,8,986
6,4070,19414,19392,8,986
6,4073,19420,19398,16,986
6,4075,19426,19403,16,986
6,4077,19432,19409,16,986
6,4079,19437,19415,16,986
6,4082,19444,19421,12,986
6,4084,19449,19427,12,986
6,4086,19456,19432,12,986
6,4089,19461,19438,12,986
6,4091,19467,19443,12,986
6,4094,19473,19449,5,986
6,4096,19478,19454,5,986
6,4098,19483,19460,5,986
6,4100,19489,19465,5,986
6,4102,19494,19470,5,986
6,4105,19500,19476,12,986
6,4107,19505,19481,12,986
6,4109,19511,19486,12,986
6,4113,19516,19492,12,986
6,4115,19522,19497,11,986
6,4117,19527,19503,11,986
6,4120,19532,19508,11,986
6,4122,19538,19513,11,986
6,4124,19543,19518,11,986
6,4127,19548,19524,8,986
6,4129,19553,19529,8,986
6,4131,19558,19534,8,986
6,4133,19563,19538,8,986
6,4135,19568,19543,8,986
6,4138,19573,19548,11,986
6,4140,19578,19553,11,986
6,4142,19584,19558,11,986
6,4145,19589,19563,11,986
6,4147,19593,19568,11,986
6,4150,19598,19573,6,986
6,4152,19603,19578,6,986
6,4154,19608,19583,6,986
6,4157,19612,19587,6,986
6,4160,19617,19592,13,986
6,4162,19621,19597,13,986
6,4164,19626,19601,13,986
6,4166,19631,19606,13,986
6,4169,19636,19611,12,986
6,4171,19641,19616,12,986
6,4173,19645,19620,12,986
6,4176,19650,19625,12,986
6,4178,19655,19629,12,986
6,4180,19659,19634,7,986
6,4182,19664,19638,7,986
6,4185,19668,19643,7,986
6,4187,19673,19647,7,986
6,4189,19677,19651,7,986
6,4192,19681,19656,7,986
6,4194,19685,19660,7,986
6,4196,19689,19664,7,986
6,4199,19694,19668,7,986
6,4202,19698,19672,11,986
6,4204,19702,19677,11,986
6,4206,19707,19681,11,986
6,4208,19711,19685,11,986
6,4211,19716,19689,7,986
6,4213,19720,19693,7,986
6,4215,19724,19697,7,986
6,4217,19728,19701,7,986
6,4220,19731,19705,7,986
6,4222,19735,19709,9,986
6,4224,19739,19713,9,986
6,4226,19743,19717,9,986
6,4229,19747,19721,9,986
6,4231,19751,19725,9,986
6,4233,19755,19729,6,986
6,4235,19758,19732,6,986
6,4238,19762,19736,6,986
6,4241,19766,19740,6,986
6,4243,19770,19743,10,986
6,4245,19774,19747,10,986
6,4248,19778,19751,10,986
6,4250,19781,19755,10,986
6,4252,19785,19758,10,986
6,4255,19789,19762,7,986
6,4257,19793,19766,7,986
6,4259,19796,19769,7,986
6,4261,19799,19773,7,986
6,4264,19803,19776,7,986
6,4266,19806,19779,6,986
6,4268,19810,19783,6,986
6,4270,19813,19786,6,986
6,4273,19817,19790,6,986
6,4275,19820,19793,6,986
6,4277,19823,19796,5,986
6,4279,19827,19799,5,986
6,4282,19830,19803,5,986
6,4285,19833,19806,5,986
6,4287,19837,19809,6,986
6,4289,19840,19812,6,986
6,4292,19843,19815,6,986
6,4294,19846,19818,6,986
6,4296,19849,19821,6,986
6,4299,19852,19825,7,986
6,4300,19855,19828,7,986
6,4303,19858,19831,7,986
6,4305,19861,19834,7,986
6,4307,19864,19836,7,986
6,4310,19866,19839,7,986
6,4312,19869,19842,7,986
6,4314,19872,19845,7,986
6,4316,19875,19848,7,986
6,4318,19877,19851,7,986
6,4321,19880,19854,9,986
6,4323,19883,19856,9,986
6,4326,19886,19859,9,986
6,4328,19889,19862,9,986
6,4331,19892,19864,5,986
6,4333,19894,19867,5,986
6,4335,19897,19870,5,986
6,4337,19900,19872,5,986
6,4340,19903,19875,5,986
6,4342,19905,19877,4,986
6,4344,19908,19880,4,986
6,4346,19911,19882,4,986
6,4349,19913,19885,4,986
6,4351,19916,19887,4,986
6,4353,19918,19890,3,986
6,4355,19921,19892,3,986
6,4358,19923,19895,3,986
6,4360,19925,19897,3,986
6,4362,19928,19899,3,986
6,4365,19930,19901,3,986
6,4366,19932,19904,3,986
6,4370,19934,19906,3,986
6,4372,19937,19908,3,986
6,4374,19938,19910,8,986
6,4376,19941,19913,8,986
6,4379,19943,19915,8,986
6,4381,19945,19917,8,986
6,4383,19947,19919,8,986
6,4386,19949,19921,3,986
6,4388,19951,19923,3,986
6,4390,19953,19925,3,986
6,4392,19956,19927,3,986
6,4394,19958,19929,3,986
6,4397,19960,19931,3,986
6,4399,19962,19933,3,986
6,4401,19964,19934,3,986
6,4403,19965,19936,3,986
6,4406,19967,19938,3,986
6,4408,19969,19940,3,986
6,4410,19971,19942,3,986
6,4413,19973,19943,3,986
6,4416,19974,19945,3,986
6,4418,19976,19947,4,986
6,4420,19978,19948,4,986
6,4422,19979,19950,4,986
6,4425,19981,19952,4,986
6,4427,19982,19953,4,986
6,4429,19984,19955,3,990
6,4431,19985,19956,3,990
6,4433,19987,19958,3,990
6,4436,19988,19959,3,990
6,4438,19989,19961,3,990
6,4440,19991,19962,3,990
6,4442,19992,19964,3,990
6,4445,19993,19965,3,990
6,4447,19995,19966,3,990
6,4449,19996,19968,3,990
6,4452,19997,19969,5,990
6,4455,19999,19970,5,990
6,4457,20000,19971,5,990
6,4459,20001,19973,5,990
4,4462,20002,19974,0,990
